<?xml version="1.0" encoding="UTF-8"?>
<model package="msprofile" baseClass="xPDOObject" platform="mysql" defaultEngine="MyISAM" phpdoc-package="msprofile" version="1.1">

	<object class="msCustomerOperation" table="ms2_customer_operations" extends="xPDOSimpleObject">
		<field key="user_id" dbtype="int" precision="10" phptype="integer" null="false" default="0" />
		<field key="payment" dbtype="int" precision="10" phptype="integer" null="false" default="0" />
		<field key="sum" dbtype="decimal" precision="12,2" phptype="float" null="false" default="0" />
		<field key="status" dbtype="varchar" precision="10" phptype="string" null="false" default="" />
		<field key="createdon" dbtype="datetime" phptype="datetime" null="false" default="0000-00-00 00:00:00" />
		<field key="updatedon" dbtype="datetime" phptype="datetime" null="false" default="0000-00-00 00:00:00" />
		<field key="comment" dbtype="text" phptype="string" null="true" />
		<field key="properties" dbtype="text" phptype="json" null="true" />

		<index alias="user_id" name="user_id" primary="false" unique="false" type="BTREE" >
			<column key="user_id" length="" collation="A" null="false" />
		</index>
		<index alias="status" name="status" primary="false" unique="false" type="BTREE" >
			<column key="status" length="" collation="A" null="false" />
		</index>

		<aggregate alias="User" class="modUser" local="user_id" foreign="id" owner="foreign" cardinality="one" />
		<aggregate alias="Customer" class="msCustomerProfile" local="user_id" foreign="id" owner="foreign" cardinality="one" />
		<aggregate alias="UserProfile" class="modUserProfile" local="user_id" foreign="internalKey" owner="foreign" cardinality="one" />
		<aggregate alias="Payment" class="msPayment" local="payment" foreign="id" owner="foreign" cardinality="one" />
	</object>

</model>