<?xml version="1.0" encoding="UTF-8"?>
<model package="msearch2" baseClass="xPDOObject" platform="mysql" defaultEngine="MyISAM" phpdoc-package="msearch2" version="1.1">

	<object class="mseWord" table="mse2_words" extends="xPDOObject">
		<field key="word" dbtype="varchar" precision="32" phptype="string" null="false" index="pk"  />
		<field key="resource" dbtype="integer" precision="10" phptype="integer" attributes="unsigned" null="false" index="pk" />
		<field key="weight" dbtype="integer" precision="10" phptype="integer" attributes="unsigned" null="false" />

		<index alias="word" name="word" primary="true" unique="true" type="BTREE">
			<column key="word" length="" collation="A" null="false" />
			<column key="resource" length="" collation="A" null="false" />
		</index>

		<aggregate alias="Resource" class="modResource" local="resource" foreign="id" owner="foreign" cardinality="one" />
	</object>

	<object class="mseIntro" table="mse2_intro" extends="xPDOObject">
		<field key="resource" dbtype="integer" precision="10" phptype="integer" attributes="unsigned" null="false" index="pk" />
		<field key="intro" dbtype="mediumtext" phptype="string" null="false" />

		<index alias="resource" name="resource" primary="true" unique="true" type="BTREE">
			<column key="resource" length="" collation="A" null="false" />
		</index>

		<composite alias="Words" class="mseWord" local="resource" foreign="resource" owner="local" cardinality="many" />
		<aggregate alias="Resource" class="modResource" local="resource" foreign="id" owner="foreign" cardinality="one" />
	</object>

	<object class="mseQuery" table="mse2_queries" extends="xPDOObject">
		<field key="query" dbtype="varchar" precision="255" phptype="string" null="false" index="pk" />
		<field key="quantity" dbtype="integer" precision="10" phptype="integer" null="true" default="1" />
		<field key="found" dbtype="integer" precision="10" phptype="integer" null="true" default="0" />

		<index alias="query" name="query" primary="true" unique="true" type="BTREE">
			<column key="query" length="" collation="A" null="false" />
		</index>
		<index alias="quantity" name="quantity" primary="false" unique="false" type="BTREE">
			<column key="quantity" length="" collation="A" null="false" />
		</index>
		<index alias="found" name="found" primary="false" unique="false" type="BTREE">
			<column key="found" length="" collation="A" null="false" />
		</index>
	</object>

	<object class="mseAlias" table="mse2_aliases" extends="xPDOSimpleObject">
		<field key="word" dbtype="varchar" precision="100" phptype="string" null="false" />
		<field key="alias" dbtype="varchar" precision="100" phptype="string" null="false" />
		<field key="replace" dbtype="tinyint" precision="1" phptype="boolean" null="true" default="0" />

		<index alias="word" name="word" primary="false" unique="true" type="BTREE">
			<column key="word" length="" collation="A" null="false" />
			<column key="alias" length="" collation="A" null="false" />
		</index>
	</object>

</model>